INSERT INTO Game (GameName, ReleaseYear, Platform, Generation)
VALUES ('Pokemon Red & Blue', 1996, 'GB', 1),
    ('Pokemon Yellow', 1998, 'GB', 1),
    ('Pokemon Gold & Silver', 1999, 'GBC', 2),
    ('Pokemon Crystal', 2000, 'GBC', 2),
    ('Pokemon Ruby & Sapphire', 2002, 'GBA', 3),
    ('Pokemon Emerald', 2004, 'GBA', 3),
    ('Pokemon FireRed & LeafGreen', 2004, 'GBA', 1),
    ('Pokemon Diamond & Pearl', 2006, 'DS', 4),
    ('Pokémon Platinum', 2008, 'DS', 4),
    ('Pokémon HeartGold & SoulSilver', 2009, 'DS', 2),
    ('Pokémon Black & White', 2010, 'DS', 5),
    ('Pokémon Black 2 & White 2', 2012, 'DS', 5),
    ('Pokémon X & Y', 2013, '3DS', 6),
    ('Pokémon Omega Ruby & Alpha Sapphire', 2014, '3DS', 3),
    ('Pokémon Sun & Moon', 2016, '3DS', 7),
    ('Pokémon Ultra Sun & Ultra Moon', 2017, '3DS', 7),
    ('Pokémon: Lets Go Pikachu & Eevee', 2018, 'Switch', 1),
    ('Pokémon Sword & Shield', 2019, 'Switch', 8),
    ('Pokémon Legends: Arceus', 2022, 'Switch', 8),
    ('Pokémon Scarlet & Violet', 2022, 'Switch', 9);

INSERT INTO Sales (GameName, UnitSales, AllTimeSales)
VALUES ('Pokemon Red & Blue', 31050000, 1271000000),
    ('Pokemon Yellow', 14640000, 454000000),
    ('Pokemon Gold & Silver', 23730000, 1016000000),
    ('Pokemon Crystal', 6390000, 211000000),
    ('Pokemon Ruby & Sapphire', 16220000, 689000000),
    ('Pokemon Emerald', 7060000, 256000000),
    ('Pokemon FireRed & LeafGreen', 12000000, 640000000),
    ('Pokemon Diamond & Pearl', 17670000, 778000000),
    ('Pokémon Platinum', 7600000, 372000000),
    ('Pokémon HeartGold & SoulSilver', 12720000, 763000000),
    ('Pokémon Black & White', 15640000, 759000000),
    ('Pokémon Black 2 & White 2', 8520000, 435000000),
    ('Pokémon X & Y', 16720000, 953000000),
    ('Pokémon Omega Ruby & Alpha Sapphire', 14600000, 703000000),
    ('Pokémon Sun & Moon', 16320000, 879000000),
    ('Pokémon Ultra Sun & Ultra Moon', 9190000, 368000000),
    ('Pokémon: Lets Go Pikachu & Eevee', 15070000, 904000000),
    ('Pokémon Sword & Shield', 26170000, 1570000000),
    ('Pokémon Legends: Arceus', 15000000, 900000000),
    ('Pokémon Scarlet & Violet', 24360000, 1461000000);

INSERT INTO Rating (GameName, RatingNumber, ReviewDate)
VALUES ('Pokemon Red & Blue', 19990623, 10.0),
    ('Pokemon Yellow', 19991020, 10.0),
    ('Pokemon Gold & Silver', 20000117, 10.0),
    ('Pokemon Crystal', 20010730, 9.0),
    ('Pokemon Ruby & Sapphire', 20030317, 9.5),
    ('Pokemon Emerald', 20050503, 8.0),
    ('Pokemon FireRed & LeafGreen', 20060909, 9.0),
    ('Pokemon Diamond & Pearl', 20070420, 8.5),
    ('Pokémon Platinum', 20090322, 8.8),
    ('Pokémon HeartGold & SoulSilver', 20100313, 8.5),
    ('Pokémon Black & White', 20110305, 9.0),
    ('Pokémon Black 2 & White 2', 20121004, 9.6),
    ('Pokémon X & Y', 20131004, 9.0),
    ('Pokémon Omega Ruby & Alpha Sapphire', 20141118, 7.8),
    ('Pokémon Sun & Moon', NULL, 9.0),
    ('Pokémon Ultra Sun & Moon', 21071114, 9.0),
    ('Pokémon Lets Go', 20181113, 8.3),
    ('Pokémon Sword & Shield', 20200623, 7.0),
    ('Pokémon Legends: Arceus', 20220127, 7.0),
    ('Pokémon Scarlet & Violet', 20221123, 6.0),
